model,log_loss,auc,accuracy
Logistic Regression,0.8549308860768606,0.44791666666666663,0.42857142857142855
XGBoost,1.3264416403498012,0.09375,0.2857142857142857
